crash_record_id,date,url,title,site,description
c3c4ae80c78444c591da8f818a04d28b73036afcda0cc2e982c115093983906f3d1ef3ffdb4f37dc1bb91553f26dcc4971a40a32c2abccaa09754583291319f9,2018-07-31T16:48:25+00:00,https://chi.streetsblog.org/2018/07/31/cyclist-killed-on-stony-island-where-alderman-hairston-blocked-protected-lanes,"Cyclist Killed on Stony Island, Where Aldermen Have Blocked Protected Lanes",Chicago Streetsblog,The driver who opened their door in cyclist Luster Jackson's path was not cited.
a276a6213c6c4ec0e70eb0d540511513b934e31203259b4fbd38a4682dbb3441a16e5a0adcedcee2d78278efd3b6e76b005c01d1eec078a2f74d30332c6feb5c,2018-09-06T19:05:14+00:00,https://chi.streetsblog.org/2018/09/06/2-cyclists-critically-injured-in-2-days-highlights-need-for-more-dooring-awareness,2 Cyclists Killed and Critically Injured in 2 Days Shows Need for More Dooring Awareness,Chicago Streetsblog,"A state law was recently passed adding the ""Dutch Reach"" anti-dooring technique to the Illinois driver's manual, but more outreach is needed."
a276a6213c6c4ec0e70eb0d540511513b934e31203259b4fbd38a4682dbb3441a16e5a0adcedcee2d78278efd3b6e76b005c01d1eec078a2f74d30332c6feb5c,2018-09-09T20:28:00Z,https://chicago.suntimes.com/2018/9/9/18382496/bicyclist-dies-after-crash-with-open-car-door-in-arlington-heights,Bicyclist dies after crash with open car door in Arlington Heights,Chicago Sun-Times,"Glenn Richmond, 63, was taken to Lutheran General Hospital in Park Ridge, where he died at 5:31 p.m. Wednesday."
55f8ec896a9f860fccdabd1a48478f1ecf90bdae2bfef3203fdfba2b2f562824ff20a6c9ca95ab8cde2c7d8098ed597486d94d96f41486088a964e946764f486,2019-09-01T03:59:00Z,https://abc7chicago.com/post/1-dead-after-car-crashes-into-restaurant-on-northwest-side/5505384/,1 dead after car crashes into restaurant on Northwest Side,ABC 7 Chicago,"An 81-year-old woman is dead after a car crashed into a restaurant Saturday, striking five people on Chicago's Northwest Side, police said."
55f8ec896a9f860fccdabd1a48478f1ecf90bdae2bfef3203fdfba2b2f562824ff20a6c9ca95ab8cde2c7d8098ed597486d94d96f41486088a964e946764f486,2019-09-04T05:37:13Z,https://chicago.suntimes.com/2019/8/31/20842635/1-killed-4-wounded-vehicle-crash-fullerton,"Man released without charges after NW Side crash kills 1, injures 4 others",Chicago Sun-Times,"The people were waiting for a bus when a 34-year-old man lost control of his vehicle and crashed into the building, police said."
fd513d10e664f2def020f1cacfc56e902758d2e0bd744632f5af5a3ab191d6fe6533fb01fce230e56a92334da73ab29e971624c21cfdee79f065785846cfe85f,2020-01-02T06:22:10-06:00,https://www.nbcchicago.com/news/local/3-dead-at-least-4-injured-in-morgan-park-crash-police/2195393/,"3 Dead, at Least 4 Injured in Morgan Park Crash: Police",nbcchicago.com,"Three people were killed and four others injured, including a 3-year-old girl, in a vehicle crash Wednesday in Morgan Park on the South Side."
fd513d10e664f2def020f1cacfc56e902758d2e0bd744632f5af5a3ab191d6fe6533fb01fce230e56a92334da73ab29e971624c21cfdee79f065785846cfe85f,2020-01-02T07:08:12Z,https://chicago.suntimes.com/2020/1/2/21046248/ruby-cassandra-carrie-johnson-dead-4-critically-injured-toddler-morgan-park-vehicle-crash,"Morgan Park crash: 3 dead, 4 injured including toddler on West 112th Place",Chicago Sun-Times,"A toddler that was in a car seat was taken to Comer Children’s Hospital, where she was stabilized, police said."
55f8ec896a9f860fccdabd1a48478f1ecf90bdae2bfef3203fdfba2b2f562824ff20a6c9ca95ab8cde2c7d8098ed597486d94d96f41486088a964e946764f486,2020-07-01,https://www.kaminskifamilyfuneralhomes.com/obituaries/Myrna-M-Logan?obId=15977020,Obituary information for Myrna M. Logan,kaminskifamilyfuneralhomes.com,
3f0b4ebf2e25724c3f20696ad84cad664e2fc533f7622e0933ced4b40ba472baf350bea93565c25d4a38809e5cb7df342c67e35f6570ad8e601a31bca5596e50,2020-09-09T20:08:18+00:00,https://chi.streetsblog.org/2020/09/09/chicagos-spike-in-cycling-fatalities-continues-with-first-e-divvy-death-on-near-west-side,Chicago's spike in cycling fatalities continues with first e-Divvy death on Near West Side,Chicago Streetsblog,"The latest fatality was the seventh on-street Chicago bike fatality, and the second bike-share death in our city."
0060ea6cb27e466462cd49a455a80389db460cd2da308bbffa032a8c60aa31932e068ae0268573fee7ade698463f63bdd731c3f5aa111a2721c835bd4a7cd522,2021-03-20T06:22:52.145Z,https://chicago.suntimes.com/2021/3/20/22341505/kawantis-robinson-5-year-old-boy-fatally-struck-walking-englewood-police,5-year-old boy struck and killed by driver while walking with family in Englewood,Chicago Sun-Times,"The driver was traveling in the 600 block of West Marquette when he struck 5-year-old boy walking on the sidewalk, police said."
d3c723f453b3319348065ff841f12ce994b136b1e8bcbeef2a4b9657e7e1adb28e4f4015c9efe8970adefa494a84b168e5c4469ac2ae47b48a2b1946d786a082,2022-03-04T00:38:19+00:00,https://chi.streetsblog.org/2022/03/03/cisco-engineer-gerardo-marciales-41-fatally-struck-while-crossing-dlsd-on-a-divvy-bike,"BMW driver fatally struck Gerardo Marciales, 41, as he crossed DLSD on a Divvy bike",Chicago Streetsblog,"Police say the motorist ""instead of turning left according to the traffic signal, continued north,"" but he wasn't cited."
d3c723f453b3319348065ff841f12ce994b136b1e8bcbeef2a4b9657e7e1adb28e4f4015c9efe8970adefa494a84b168e5c4469ac2ae47b48a2b1946d786a082,2022-04-29T14:41:22+00:00,https://blockclubchicago.org/2022/04/29/ghost-bike-put-up-downtown-to-honor-gerardo-marciales-but-officials-say-itll-likely-get-cut-down-soon/,Ghost Bike Put Up Downtown To Honor Gerardo Marciales — But Officials Say It'll Likely Get Tossed Soon,Block Club Chicago,"The family of Gerardo Marciales honored his life with a ghost bike and vigil Thursday Downtown, where a driver hit and killed the bicyclist."
f587687869863fd69783e7d82269ec9a242616a8692da7d8019430349bebaff7ea3634461390268c166af40e6d0e76bfc0f9e16c8ebb6dfdde44054bf42a9d8f,2022-08-16,https://wgntv.com/news/chicagocrime/appears-to-be-intentional-3-men-killed-in-hit-and-run-outside-of-jeffrey-pub-idd/,"‘Appears to be intentional’: 3 men killed in hit-and-run outside of Jeffrey Pub ID’d
",WGN-TV,"Witnesses told police there was a fight outside of The Jeffery Pub, a popular LGBTQ bar located in the 7000 block of South Jeffery Boulevard, when the sedan plowed through the group.
"
f587687869863fd69783e7d82269ec9a242616a8692da7d8019430349bebaff7ea3634461390268c166af40e6d0e76bfc0f9e16c8ebb6dfdde44054bf42a9d8f,2022-08-16T06:55:45+00:00,https://cwbchicago.com/2022/08/chicago-police-20-minute-response-driver-killed-wounded-jeffery-pub.html,"Chicago police took more than 20 minutes to arrive after driver killed 3, wounded 2 outside Jeffery Pub",CWBChicago,Chicago police needed more than 20 minutes to arrive after a driver killed 3 men and injured another in an apparently intentional attack outside Jeffrey Pub.
f587687869863fd69783e7d82269ec9a242616a8692da7d8019430349bebaff7ea3634461390268c166af40e6d0e76bfc0f9e16c8ebb6dfdde44054bf42a9d8f,2022-08-23T17:20:00+00:00,https://blockclubchicago.org/2022/08/23/man-charged-with-murder-in-jeffery-pub-hit-and-run-that-killed-3-people/,"Man Charged With Murder In Jeffery Pub Hit-And-Run That Killed 3: ‘This Was An Execution By Vehicle,’ Prosecutors Say",Block Club Chicago,"SOUTH SHORE — A South Side man was driving nearly 60 mph when he slammed into a group of men, killing three and injuring a fourth, and drove off last"
09aa8d6e2906482df6717671a532324d3667b00920b363a65face81089921576c5175803211ef1fc902662b7cb7df5e7268ab8491eb4fb4444a888fac30c888a,2022-11-23T23:41:10+00:00,https://www.chicagotribune.com/2022/11/23/2-killed-10-hospitalized-after-a-speeding-stolen-car-crashes-into-7-other-vehicles-on-the-south-side-authorities-say/,"2 killed, 10 hospitalized after a speeding, stolen car crashes into 7 other vehicles on the South Side, authorities say",Chicago Tribune,"Two people were killed and 10 were transported to hospitals after a stolen, speeding Dodge Charger struck seven other vehicles in a horrific Wednesday night crash on Chicago’s South Side, authorities said.
The crash happened at 5…"
d3c723f453b3319348065ff841f12ce994b136b1e8bcbeef2a4b9657e7e1adb28e4f4015c9efe8970adefa494a84b168e5c4469ac2ae47b48a2b1946d786a082,2023-01-12T23:28:56+00:00,https://chi.streetsblog.org/2023/01/12/a-reckless-driver-killed-divvy-rider-gerardo-marciales-another-one-destroyed-his-ghost-bike,A reckless driver killed Divvy rider Gerardo Marciales. Another one destroyed his ghost bike.,Chicago Streetsblog,"Less than a year after his death, another reckless motorist on the drive crashed into the light pole Marciales' ghost bike memorial was chained to, demolishing the shrine."
a736767eac48b46f7ff9eea9f13c0f244a6a10b2d28bc125b11578ee8bbe0b0f94d25a7cad15c69362f87933f6797182d99ad54bc4c5b1698efbffd3a1735d5f,2023-06-21T09:50:00Z,https://abc7chicago.com/post/chicago-white-sox-hit-and-run-guaranteed-rate-field-game-crime/13409546/,1 charged after 4 injured in hit-and-run outside Guaranteed Rate Field before White Sox game,ABC 7 Chicago,A man is charged after four pedestrians were injured in a terrifying hit-and-run outside Guaranteed Rate Field before a White Sox game Tuesday night.
e86d8942b00348767413310f96e5c60f91db8c930aae61191abe089cef7f63b32df7c9b1c48f2a1e1fbc3787f9951630b8ae8847802db8c6e1e7fd6e372c05a0,2024-02-11T16:42:39.760Z,https://chicago.suntimes.com/news/2024/2/11/24069203/man-dead-6-injured-suvs-crash-pulaski-archer-heights,"One dead, six injured in Archer Heights crash",Chicago Sun-Times,"The accident in the 4200 block of South Pulaski Road, reported about 2:40 a.m., involved two black SUVs, police said."
a6d8677889dbd2502e0165828295f4cbbe1c064f8a6dc3a16298317757bfa0060be875453213ee86c0bc70a1207ea8b571b430702aa81e57a6a442aef2c04e39,2024-05-26T10:50:00Z,https://abc7chicago.com/post/woman-killed-3-injured-multi-vehicle-crash-woodlawn/14873254/,"Woman killed, 3 injured in multi-vehicle crash in Woodlawn, Chicago police say",ABC 7 Chicago,Two of the drivers were on their way to report a first crash when the deadly crash happened on Saturday.
a736767eac48b46f7ff9eea9f13c0f244a6a10b2d28bc125b11578ee8bbe0b0f94d25a7cad15c69362f87933f6797182d99ad54bc4c5b1698efbffd3a1735d5f,2024-06-21T13:03:16Z,https://abc7chicago.com/post/chicago-white-sox-news-condelarious-garcia-sentenced-hit/14984343/,Man sentenced in hit-and-run that injured 4 before White Sox game last year,ABC 7 Chicago,The driver convicted of running down several White Sox fans in June of last year was sentenced Thursday.
d3c723f453b3319348065ff841f12ce994b136b1e8bcbeef2a4b9657e7e1adb28e4f4015c9efe8970adefa494a84b168e5c4469ac2ae47b48a2b1946d786a082,2024-06-22T23:03:57-0500,https://www.cbsnews.com/chicago/news/city-accidentally-removed-ghost-bike-man-hit-killed-cycling-chicago/,"City accidentally removed ghost bike installed for man hit, killed while cycling in Chicago",CBS News,The city claims workers did not recognize a memorial.
86cec44189ccb02083f29193374134234747e95daf8ec57c0841c1c9393e6b64f523d08c6774f57edefd4a1d2de046de79a545d1acc0e6a32c95c58b6a3a9a53,2024-09-19,https://wgntv.com/news/chicago-news/man-dies-after-crashing-into-parked-cars-on-northwest-side/,Man dies after crashing into parked cars on Northwest Side,WGN-TV,"A man was killed after crashing into parked vehicles on the city’s Northwest Side. Police said a 45-year-old man was traveling eastbound in a two-door sedan and came to a stop after striking three parked cars.
"
3d0f88a555ad344c2a6d4d1488c389f91c41298d804279b6e877da4360b7153ffb05c1a1d1ffc92d8c172130eec3a77529cf63f563f82afa65097a19e8c4703e,2025-01-22T19:32:02+00:00,https://chi.streetsblog.org/2025/01/22/alex-rivera-32-fatally-struck-by-his-wife-who-was-attempting-to-drive-off-was-the-first-pedestrian-fatality-on-chicago-streets-in-2025,"Alex Rivera, 32, struck and killed by his wife, who was ""attempting to drive off,"" was the first pedestrian fatality on Chicago streets in 2025",Chicago Streetsblog,"Tragically, it appears that Chicago saw its first pedestrian fatality case of 2025, with the killing of Alex Rivera, 32, on Sunday, January 5, in the Chicago Lawn community area."
41d743ef1a037cc5453070fe7849b32d2303fcf0fe888604f41cb4945e8b49dbe26111d7358c024d68c9bc6413776239a5c1579264ce49266f313e701e1a4536,2025-01-25T04:24:00+00:00,https://chi.streetsblog.org/2025/01/24/hit-and-run-suv-driver-killed-ukrainian-immigrant-halyna-hudzan-66-near-the-church-her-husband-formerly-led-in-west-town,"Hit-and-run SUV driver killed Ukrainian immigrant Halyna Hudzan, 66, near church her husband formerly led in West Town",Chicago Streetsblog,"According to the initial Chicago Police Department report, at around 8:48 a.m., Huzdan was in a crosswalk when the turning driver of a 2022 Mitsubishi Eclipse Cross SUV struck her and fled the scene. She was transported to Stroger Hospital, where she was pronounced dead."
b4e3f0dc9f0773c3495ca500b891216f6f81adba373c8d710e79854680b983de83be8fba4cdb04f25bfffb04c28e18fa52d61dce9a17d8342f476f955e18869c,2025-02-03T20:24:56+00:00,https://chi.streetsblog.org/2025/02/03/woman-76-fatally-struck-by-a-trucker-at-madison-western-was-the-2nd-female-senior-killed-on-foot-in-the-area-in-about-a-week,"Hattie Mickell, 76, fatally struck by a trucker at Madison/Western was the 2nd female senior killed on foot in the area in about a week",Chicago Streetsblog,"Update 2/4/25, 11:30 AM: The Cook County medical examiner's office has identified the victim of the Near West Side crash as Hattie S. Mickell, 76. She lived about two miles southwest of the collision site in the North Lawndale community."
2b29eb37454c4b31ab1e7ae35e5e888e2b13cb425f57536afee6408c82c880094419cec0359ee68f0adfd70254982c7cb3b64a9124d62024622164de1968edaf,2025-02-10,https://wgntv.com/news/chicago-news/man-dies-in-car-crash-in-west-pullman-neighborhood-police-say-vehicle-split-in-half/,"Man dies in car crash in West Pullman neighborhood, police say; vehicle split in half",WGN-TV,"According to Chicago police, the man was driving north in a white SUV in the 12000 block of South Halsted Street just before 8 p.m. when he hit a tree and two unoccupied parked vehicles before being ejected from his vehicle.
"
ae8dca8762c225d280006a4ac5abf5cb5cdaa6ce2f1b2d6e10dde9704e863c97f8a43dec7eef1eb37866875069fbd9043ca0ff197a944aebb2b496de5ade20d1,2025-03-18T09:38:00Z,https://abc7chicago.com/post/pedestrian-killed-3-car-crash-63rd-street-midway-airport-chicago-police-say/16042552/,Pedestrian killed in 3-car crash near Midway Airport identified by officials,ABC 7 Chicago,"A pedestrian was killed in a three-vehicle crash near Midway Airport Monday night, Chicago police said."
1244e9f0fd430c661a04b352ca49e3f25924c432f3a6c9bc21eb89feb5ab6f08758b5e1444dfee11a4f6855b47ed709536ddf31e4cab2f32ce97bce97562c513,2025-03-18T13:09:00+00:00,https://blockclubchicago.org/2025/03/18/loved-ones-mourn-union-ridge-special-education-assistant-killed-by-motorcyclist/,Loved Ones Mourn Union Ridge Special Education Assistant Killed By Motorcyclist,Block Club Chicago,"People are remembering Camryn Green, 26, as selfless and smart. Friends are planning a private celebration in her memory."
ae8dca8762c225d280006a4ac5abf5cb5cdaa6ce2f1b2d6e10dde9704e863c97f8a43dec7eef1eb37866875069fbd9043ca0ff197a944aebb2b496de5ade20d1,2025-03-19T22:23:31+00:00,https://chi.streetsblog.org/2025/03/19/two-pedestrians-were-fatally-struck-in-chicago-in-past-week-camryn-green-26-in-norwood-park-and-jamie-cerney-38-near-midway,"Two special education workers were fatally struck in Chicago in past week: Camryn Green, 26, in Norwood Park and Jamie Cerney, 38, near Midway",Chicago Streetsblog,"According to the narrative, the driver of the white Infiniti (Unit 1 in the above image), a 19-year-old man, was traveling west in the outside lane when he tried to merge into the inside lane, striking the westbound black Infiniti (Unit 2). The the driver of the white Infiniti then “swerved and jumped the sidewalk,” striking Jamie Cerney, crashing through the wall of the hangar, and hitting an electric generator."
c889f06fc1cd0eabc303088c7f6eaf6d98f9f4479f0af1a9c7da97531c5da3e2af0ee72544c846b5c7c08d5c2451e2290fcba1b24e8c3f1fc2b087d16a9f2487,2025-04-17T00:43:31+00:00,https://chi.streetsblog.org/2025/04/16/bill-for-dlsd-safety-study-passes-state-senate-and-after-a-driver-fatally-struck-man-72-there-are-new-calls-to-make-roosevelt-dlsd-safer,New wayfinding signs installed after driver killed man at DLSD/Roosevelt,Chicago Streetsblog,"Neighborhood resident AR Sakaeda emailed Streetsblog Chicago with the following report. “Three new signs were recently erected regarding Museum Campus access,” she said. “The first is at the southeast corner of Indiana Avenue and Roosevelt Roosevelt.”"
c889f06fc1cd0eabc303088c7f6eaf6d98f9f4479f0af1a9c7da97531c5da3e2af0ee72544c846b5c7c08d5c2451e2290fcba1b24e8c3f1fc2b087d16a9f2487,2025-04-17T23:15:58+00:00,https://chi.streetsblog.org/2025/04/17/pickup-driver-who-killed-male-pedestrian-72-at-roosevelt-dlsd-cited-for-failure-to-exercise-due-care,"Pickup driver who killed male pedestrian, 72, at Roosevelt/DLSD cited for failure to exercise due care",Chicago Streetsblog,"A pickup truck driver fatally struck a 72-year-old male pedestrian at Roosevelt Road and DuSable Lake Shore Drive, just west of the Museum Campus. It was reported that the victim had been trying to cross the highway on foot, although it's illegal to do so there."
41d743ef1a037cc5453070fe7849b32d2303fcf0fe888604f41cb4945e8b49dbe26111d7358c024d68c9bc6413776239a5c1579264ce49266f313e701e1a4536,2025-04-25T17:18:26+00:00,https://blockclubchicago.org/2025/04/25/woman-charged-in-fatal-ukrainian-village-hit-and-run-months-after-crash/,Woman Charged In Fatal Ukrainian Village Hit-And-Run Months After Crash,Block Club Chicago,"Iryna Kalach has been charged in the January hit-and-run that killed Halyna Hudzan, 66, at the intersection of Oakley Boulevard and Chicago Avenue."
a3acf9c83361b3b687a0c48af8084e52f2aa02048d790504cfccba7b6273e615ee795302f5179d75aefb829216bce7bc71f209e5aa5a6ab09955c7d09e6e0fe0,2025-05-27,https://chicago.suntimes.com/transportation/2025/05/27/first-bicyclist-death-michigan-yader-castaneda,Driver says he did not see cyclist in fatal Loop crash — Chicago's first bicyclist death of 2025,Chicago Sun-Times,
a3acf9c83361b3b687a0c48af8084e52f2aa02048d790504cfccba7b6273e615ee795302f5179d75aefb829216bce7bc71f209e5aa5a6ab09955c7d09e6e0fe0,2025-05-29T04:07:27+00:00,https://chi.streetsblog.org/2025/05/28/cpd-driver-distraction-speed-played-a-role-in-death-of-divvy-rider-yader-castaneda-18-deadly-vehicle-design-may-have-also-been-a-factor,"CPD: Driver distraction, speed played a role in death of Divvy rider Yader Castaneda, 18. Deadly vehicle design may have also been a factor.",Chicago Streetsblog,"Chicago saw its first bike fatality of 2025 on Memorial Day, when a Hummer driver fatally struck Yader Castaneda, 18, while he was riding an electric Divvy bike-share cycle in the Loop.
"
a3acf9c83361b3b687a0c48af8084e52f2aa02048d790504cfccba7b6273e615ee795302f5179d75aefb829216bce7bc71f209e5aa5a6ab09955c7d09e6e0fe0,2025-06-02,https://www.dieterlememorialhome.com/obituaries/Yader-Yak-Castaneda?obId=42633410,"Obituary information for Yader ""Yak"" Castaneda",dieterlememorialhome.com,"January 19, 2007  -  May 26, 2025"
67b8fcd733a0d172190e46e69d0cf71b1a05d2532fdf2cd433ce43a6d7e35e9385ba8df3b7b51615f15609a90315cea34804d51b59d73a87d1f95e4efd3ee685,2025-07-25T21:18:41+00:00,https://chi.streetsblog.org/2025/07/25/hit-and-run-driver-fatally-struck-marcela-herrera-22-and-seriously-injured-her-fiance-saturday-at-cullerton-ashland-in-pilsen,"Hit-and-run driver fatally struck Marcela Herrera, 22, and seriously injured her fiancé, Saturday at Cullerton/Ashland in Pilsen",Chicago Streetsblog,"Herrera and Leyva were crossing Ashland (1600 W.) at Cullerton (2000 S.) when an unidentified driver in a silver vehicle struck them in the crosswalk. Herrera was taken to Stroger Hospital, where she was pronounced dead."
951539184b3fce4aa6f22a67251799a4cc80db2fc3529e7a61df0e2191200bd401dc370b823d991412edf6cb52363cd82496b6f3d7a2fa773bda6b57bb475e0d,2025-07-26T19:44:36-05:00,https://www.nbcchicago.com/news/local/man-struck-and-killed-in-austin-hit-and-run-chicago-police/3798624/,Man struck and killed in Austin hit-and-run: Chicago police,nbcchicago.com,"Patrick K. Beck, 35, was struck by a black sedan at approximately 2:30 a.m. along South Cicero Avenue near Roosevelt Road, police and the Cook County Medical Examiner's Office said."
a6d8677889dbd2502e0165828295f4cbbe1c064f8a6dc3a16298317757bfa0060be875453213ee86c0bc70a1207ea8b571b430702aa81e57a6a442aef2c04e39,2025-08-08T01:59:35.226Z,https://chicago.suntimes.com/crime/2025/08/07/markell-reeves-woodlawn-south-shore-fatal-crash-damica-nickerson,Man charged in deadly 2024 Woodlawn crash,Chicago Sun-Times,"Markell Reeves, 40, was allegedly on his way with another driver to make a police report for an earlier crash when he rear-ended her several times and collided with a third driver who died at the scene."
4a2e9b6741877e95522f2c05dac37aaea7dcac46a5fd5286d1f036b5ae79f20ccc5f259a1292316ea701519373c0bcc5e74e6d5f6d3de46c34497a6fd13e47d3,2025-08-28T15:39:00Z,https://abc7chicago.com/post/chicago-crime-83-year-old-hurt-hit-run-crash-3300-block-dr-martin-luther-king-jr-drive-police-say/17673542/,"83-year-old seriously hurt in hit-and-run crash in Douglas, Chicago police say",ABC 7 Chicago,Chicago police are searching for the driver responsible of a hit-and-run crash that injured an 83-year-old man.
4a2e9b6741877e95522f2c05dac37aaea7dcac46a5fd5286d1f036b5ae79f20ccc5f259a1292316ea701519373c0bcc5e74e6d5f6d3de46c34497a6fd13e47d3,2025-09-26,https://www.fox32chicago.com/news/reward-douglas-hit-run-killed-84-year-old-man,Reward offered in Douglas hit-and-run that killed 84-year-old man,FOX 32 Chicago,"A $1,000 reward is being offered for information leading to the arrest of the driver who fatally struck 84-year-old Melton Smith in Chicago’s Douglas neighborhood in July."
ab251339055f7135b754e586539c15ff367f91e4d2b63bd49a390b6c3350cea92227287fa8798f79d567811fbcad3d7167f2a7d2063a2732ddcc98a97c4c844a,2025-10-02T11:51:55.196Z,https://chicago.suntimes.com/crime/2025/10/01/child-hit-van-west-ridge,4-year-old girl dies after being hit by van in West Ridge,Chicago Sun-Times,"Juslene Akeza was crossing the street North Talman Avenue when a 72-year-old driver going north hit her, police said. The driver was cited for failure to reduce speed to avoid an accident and failure to enact due care to avoid a pedestrian, police said"
4313d90cf8e7b21433798d173f17233965dcda49ff65cd91b9f3b5671feadbb50ca4830e6f02653d2dd8b2b688d70780cf49da099872ff08d7dfd3801fc049ed,2025-10-15T15:10:00Z,https://abc7chicago.com/post/chicago-crime-man-found-dead-inside-suv-crash-east-garfield-park-police-say-vehicle-reported-stolen-brighton/18012089/,"Man killed in crash minutes after SUV reported stolen in carjacking on West Side, police say",ABC 7 Chicago,Chicago police said a vehicle was stolen in a carjacking minutes before a deadly crash on Tuesday.
62fc8379c6107168df4423dbd2021a7894966cf20ca55614ad58295477dff7430fc353ec9f707a1a006362886909f21cec8ec31d1a26a15d82b863107b7a8fa6,2025-10-18T11:13:00Z,https://abc7chicago.com/post/chicago-police-investigating-serious-car-crash-west-75th-street-south-vincennes-avenue-greater-grand-crossing/18031634/,"2 killed, 15-year-old girl among 3 injured in Greater Grand Crossing crash: police",ABC 7 Chicago,"A 37-year-old woman was driving a grey Buick sedan westbound when she tried to turn southbound and failed to yield at the intersection, police said. The Buick then struck a black Dodge vehicle, which was traveling eastbound. An unoccupied, parked grey Mercedes sedan was also hit as a result of the crash."
c119e39c7ba3eb1ec95da2d2e6729e82c0e833955ade5900e3fece86875701741ff71a6333289fff642c54033a6d34e7ed837fbb1cc5faef3d3c528b2d1e95a6,2025-10-19T10:56:00Z,https://abc7chicago.com/post/chicago-crime-woman-killed-hit-run-crash-ashland-avenue-66th-street-west-englewood-police-say-sunday/18037579/,"Woman killed in hit-and-run crash in West Englewood, Chicago police say",ABC 7 Chicago,"A woman was killed in hit-and-run crash in West Englewood on Sunday, Chicago police said."
c119e39c7ba3eb1ec95da2d2e6729e82c0e833955ade5900e3fece86875701741ff71a6333289fff642c54033a6d34e7ed837fbb1cc5faef3d3c528b2d1e95a6,2025-10-21T18:27:16+00:00,https://chi.streetsblog.org/2025/10/21/speeding-hit-and-run-sedan-driver-killed-female-pedestrian-sunday-in-16th-ward-where-ald-coleman-has-opposed-lowering-the-speed-limit,"Speeding hit-and-run sedan driver killed female pedestrian Sunday in 16th Ward, where Ald. Coleman has opposed lowering the speed limit",Chicago Streetsblog,"Police said the driver of a grey Nissan Maxima had been speeding north on Ashland when they struck the the female adult victim, and then fled the scene."
17426f3649036d76bf4b0d79508db5e424dfd4463ed7548b02e79ba8fe99b1bcc2ca5b6a4067a936a1827c7e6f18cae9eb0e39a6072cb9a36add4e73be3a2cbc,2025-10-27T09:24:00Z,https://abc7chicago.com/post/1-killed-3-hospitalized-dusable-lake-shore-drive-rollover-crash-south-side-chicago-police-say/18076089/,"1 killed, 3 hospitalized in DuSable Lake Shore Drive rollover crash on South Side, police say",ABC 7 Chicago,"A 36-year-old woman has died after the vehicle she was driving hit the median and flipped on DuSable Lake Shore Drive in Bronzeville Sunday night, Chicago police said."
439319fd449a0cb8b6af68f711c6355157e7fd1a877afcb97105ed36ba72a9dd32a0af7945f0cf5c9becb46029d19f5e3ffd4fa9208a9654e39dc00fc7445371,2025-11-24T03:49:49+00:00,https://chi.streetsblog.org/2025/11/23/cpd-hit-and-run-van-driver-fatally-struck-man-45-near-shopping-plaza-morgan-park,"CPD: Hit-and-run van driver fatally struck man, 45, near Morgan Park shopping plaza",Chicago Streetsblog,"According to police, a motorist was driving a van and struck the victim on Marshfield Avenue near 117th and continued south."
439319fd449a0cb8b6af68f711c6355157e7fd1a877afcb97105ed36ba72a9dd32a0af7945f0cf5c9becb46029d19f5e3ffd4fa9208a9654e39dc00fc7445371,2025-11-26T11:17:55Z,https://abc7chicago.com/post/pedestrian-killed-morgan-park-chicago-hit-run-crash-shopping-plaza-117th-marshfield-police-department/18212167/,Chicago police release image of van suspected deadly hit-and-run in Morgan Park,ABC 7 Chicago,"Police said the driver had a disagreement with the victim and when the victim went back to his car, the driver pulled forward and hit them. Police said it is believed the van was immediately brought to a shop for repair."
cb07b39f39e9b6e2eebde579308432678981682661521af0a6a917d797d0364fbc8c0921e101bfb8031f873e0562dd48a1789f4cf3745c4f1ec9b9cebd164406,2025-12-05T15:43:00Z,https://abc7chicago.com/post/chicago-crash-woman-struck-killed-cta-bus-south-shore-identified-tracy-frasure/18253954/,"Woman struck, killed by CTA bus in South Shore identified",ABC 7 Chicago,Authorities identified the woman struck and killed by a CTA bus in the South Shore neighborhood as Tracy Frasure.
fb1c8eefaf9fae418325a6461b1bf13943794f8aa63ae9e1b9642f1e7e2886dfe529d6198fabf83d803f51dadf2230b6dd0615a2395f0deaa9160985989427a8,2025-12-12T06:41:34-0600,https://www.cbsnews.com/chicago/news/fiery-crash-near-63rd-street-beach/,1 dead after fiery crash near 63rd Street beach,CBS News,A man is dead after a fiery crash near 63rd Street beach on Thursday night.
8add0a27eb329840afed53f6bb070219abca77cf1858afd1ff6e178e18d2d286ed76317494e7cb7bd556e02947ec422455a011443f19171a3972b5ae20ddb987,2025-12-12T14:03:00Z,https://abc7chicago.com/post/pedestrian-struck-killed-suv-sheridan-road-rogers-park-chicago-police-say/18279324/,"Pedestrian struck, killed by SUV in Rogers Park, Chicago police say",ABC 7 Chicago,"A pedestrian was fatally struck by an SUV on the North Side Friday morning, Chicago police said."
cb07b39f39e9b6e2eebde579308432678981682661521af0a6a917d797d0364fbc8c0921e101bfb8031f873e0562dd48a1789f4cf3745c4f1ec9b9cebd164406,2025-12-17,https://www.dlperkinsandsons.com/obituary/Tracy-Frasure,Tracy Marie Frasure Obituary,dlperkinsandsons.com,"February 1, 1983 — December 5, 2025"
536579685bc1b545e0507834cf7a7eecbfe263505ca3823842a67f9e726f6301003f4c1f8e9928195c14d5023fc4ea474992a529e52d960d7a71073b20e5ac8e,2025-12-22T16:31:59-0600,https://www.cbsnews.com/chicago/news/driver-sought-fatal-double-hit-and-run-morgan-park/,Chicago police searching for driver in double fatal hit-and-run in Morgan Park,CBS News,"Chicago police Police found the jeep involved in the crash abandoned, with no sign of the driver."
174986f13ba2267e8b40721ff679d2f113400f3952a13ad6d342342ef7acfcfe02592ac7d9f39d44adfd5f1b6eabbfa6a34a40dd3cb346a230568ad4b4f768a2,2026-01-01T18:04:49-06:00,https://www.nbcchicago.com/news/local/passenger-dies-after-suv-strikes-pole-in-east-side-neighborhood-driver-sought/3870219/,"Passenger dies after SUV strikes pole in East Side neighborhood, driver sought",nbcchicago.com,"Chicago police were searching for the driver who fled after crashing into a pole, killing the passenger, authorities stated."
326b4e02c8c59d7a6d346c1431a7704686e31566904c25cc10582a5aabe1fd49bbd818abde9fb52113d4d2d8059e80f3e519b8a93df92b739ee2ddecb417a46f,2026-01-07T16:19:40-0600,https://www.cbsnews.com/chicago/news/driver-killed-crash-chicago-calumet-heights-neighborhood/,Driver killed in crash in Chicago's Calumet Heights neighborhood,CBS News,A driver was killed Wednesday morning in a crash on busy Stony Island Avenue in Chicago's Calumet Heights neighborhood.
195d6f4a651d75108d3a4b5bf3da11a3b3d3da0575694c995c251dfe6436a43e0b9f059a6dbd9e23dc00d3251af6171c7e8b13d50722f234a5212e3ab237c445,2026-01-08T02:54:00Z,https://abc7chicago.com/post/chicago-crime-samantha-bragg-dies-hit-run-west-side-daughter-speaks-cook-crimestoppers-offers-1k-reward/18370122/,"Woman dies after hit-and-run on West Side, daughter speaks out as $1K reward offered",ABC 7 Chicago,Samantha Bragg died after she was critically injured in a hit-and-run crash on the city's West Side last month. Her daughter spoke to ABC7 as a reward is now being offered for information.
8c02253e32c4882aaae0e078de28efb0e26262c58b848af6297ba0e5dfa961d57b826c5a5fd3ce621b4906ba02af4fede6adafe8730cfb8c3225627082814426,2026-01-20,https://blockclubchicago.org/2026/01/18/3-killed-7-injured-in-separate-car-crashes-in-chicago-area-sunday-police-say/,"3 Killed, 7 Injured In Separate Car Crashes In Chicago Area Sunday, Police Say",Block Club Chicago,"An 18-year-old man driving a Jeep Cherokee was heading westbound on East Marquette Road when he lost control, Chicago police said. The Jeep struck multiple homes, and the driver suffered “fatal” injuries and was taken to University of Chicago Hospital, where he was pronounced dead, police said in a news alert."
a10660ff4be36aae2d114714dccfb0469bdd4999476e36845c4fb23ddac8f90a115200ba3ca7d2b1e08fe802824c2f685c7e83dab19e9191433799b1ec4f829c,2026-01-20,https://blockclubchicago.org/2026/01/18/3-killed-7-injured-in-separate-car-crashes-in-chicago-area-sunday-police-say/,"3 Killed, 7 Injured In Separate Car Crashes In Chicago Area Sunday, Police Say",Block Club Chicago,"A car struck a pole before colliding with the median near the 2500 block of South DuSable Lake Shore Drive; a female passenger was critically injured and was taken to University of Chicago Hospital, where she was pronounced dead, police said.
"
7399070ef5527d8c686eaea4558bda445ed606880271bd7cb8b89588817ab4714bf8969a3962715b45e3eba25b9ad085791ea0f58b09bcffde1e2dc3ba3a77bd,2026-02-08T14:10:00Z,https://abc7chicago.com/post/chicago-crash-today-man-killed-involving-cta-bus-heart-blue-island-avenue-police-say/18566386/,"Driver killed in crash involving CTA bus in Heart of Chicago, police say",ABC 7 Chicago,"The CTA bus was at a red light when it was rear-ended by a SUV, whose 32-year-old driver was taken to Stroger Hospital, where he died, police said."
b81723c7901c69ed924fe44b9cf862018fcef450c042985e40186d7eb5061bc4d9c94e207495c28abc6ca4d210f4486eac93d55ed29eabf25e9f2e513258941d,2026-02-11T04:57:53Z,https://abc7chicago.com/post/hit-run-crash-old-town-chicago-clybourn-avenue-division-street-leaves-woman-scooter-hospitalized-cpd/18583296/,"Woman on scooter injured in Old Town hit-and-run crash, police say",ABC 7 Chicago,"A hit-and-run driver injured a woman on a scooter on Chicago's North Side on Tuesday evening, police said."
5e2198f3af8e2d53aed58cf5ed9a6dd1cff67bfd13f99f25c5ea49606c1a997dc7dfe4fcd917f40bf0732e5f9ce41347ba3fb8ef7c91d2ea37c4e3408d3678de,2026-02-15T11:47:00Z,https://abc7chicago.com/post/chicago-crash-today-2-killed-fiery-west-loop-jefferson-street-van-buren-police-say/18603515/,"2 killed in fiery West Loop crash, Chicago police say",ABC 7 Chicago,Police found a car on fire after it crashed into a support column of the I-290 Eisenhower Expressway. Two people were found dead in the wreckage
1ea4805c2279aeea988bc12657e677b798ea61c1921569762ecd979d570aff7cdaa5f16a546a3dcb36393328cd5f9c06d4a9277e3d3317b323cd2195de2b635d,2026-02-17,https://www.chicago.gov/content/dam/city/sites/complete-streets/pdfs/MonthlySummary/2026/Fatal%20Traffic%20Crash%20Monthly%20Summary_January%202026.pdf,CDOT January 2026 Traffic Fatalities Report,Chicago Department of Transportation,"This provisional CDOT January 2026 report is the only reference I've found so far to this Jan. 1 2026 crash on 4990 S. Western Blvd. The ""Crash Circumstance"" is described as:
UNIT 1, DRIVING RECKLESSLY, SIDESWIPED UNIT 2 AND STRUCK A POLE. UNIT 1 DRIVER DIED.
"
195d6f4a651d75108d3a4b5bf3da11a3b3d3da0575694c995c251dfe6436a43e0b9f059a6dbd9e23dc00d3251af6171c7e8b13d50722f234a5212e3ab237c445,2026-02-18,https://obits.postandcourier.com/obituaries/batesville/name/samantha-bragg-obituary?pid=210910009,Samantha Bragg Obituary,obits.postandcourier.com,"May 31, 1981 – December 22, 2025"
18fd5b99059d2d118027be95c5d18b0757aab58466bb45eccbe78d55984c4eca92c9b7871a3b05e53224506e1400d6e733f6f48ace7383cb3d38160f6ca28ecf,2026-02-20T16:50:00Z,https://abc7chicago.com/post/man-killed-another-critically-injured-hit-run-car-crash-elston-kedzie-avondale-chicago-police-say/18625151/,"Man killed, another critically injured in Avondale hit-and-run crash, police say",ABC 7 Chicago,"One man is dead and another is critically injured after a hit-and-run crash on Chicago's Northwest Side early Friday morning, police said."
772423f72c3df7bbcd1162ad43df93b5feb220fa8d390e98310c446b08991fbb890c4adab9858f798c836e3a6298a4022a9f0560200581a0147c5491301ecedd,2026-03-01T16:25:54.804Z,https://chicago.suntimes.com/transportation/2026/03/01/several-injured-multi-car-crash-north-center,Several people injured in multi-car crash in North Center,Chicago Sun-Times,"Three people were in critical condition early Sunday morning after the driver of a black Honda sedan was speeding east on Addison Street and ran a red light, according to Chicago police. The car then struck two other vehicles near the intersection of Western Avenue and Addison Street."
9fdde50fa1994886407e0a080b850ee59473904170450c2e547103eead31de55e10eaa2a8ca2a54e43268127a57ff153d29a60da51161afeae0483e1aa031a88,2026-03-04T03:52:55Z,https://abc7chicago.com/post/chicago-crash-pedestrian-hit-killed-suv-foster-northwest-side-cpd-says/18674062/,"Pedestrian hit, killed by SUV on Northwest Side: Chicago police",ABC 7 Chicago,"A pedestrian was killed Tuesday night, after a car hit her on Chicago's Northwest Side, Chicago police said."
3e0785978d02e55af2b935f922c0116d57ff46e66d02776262b9476aa594a17b5f6b69b9a5c53d1bfdb70dbac42a133344d4ece3f609df9082c4ec33b52aac7f,2026-03-14T00:44:00Z,https://abc7chicago.com/post/2-kids-3-others-hurt-tow-truck-cta-bus-crash-1200-block-west-115th-street-pullman-chicago-police-fire-officials/18712106/,"2 children among 5 injured in serious crash involving CTA bus, tow truck in West Pullman: officials",ABC 7 Chicago,"Two children were among at least five people injured in a serious four-vehicle crash on the city's South Side on Friday evening, officials said."
95fb1aab7817c4afc287934348ca67a3bed7cae850566dc45465c07fdea1ce4f5b36334822bcdbed339bdf148a9926f24a5bc1f82328bd8c0ca29b01c947c37c,2026-03-18T01:12:42+00:00,https://chi.streetsblog.org/2026/03/17/tragically-records-show-drivers-have-fatally-struck-three-more-pedestrians-and-a-bike-rider-on-chicago-streets-this-year-this-year,"Tragically, records show drivers have fatally struck three more pedestrians and a bike rider on Chicago streets this year this year",Chicago Streetsblog,"Streetsblog Chicago cites a police report of a SUV driver striking and killing a 64-year-old man crossing Lafayette Avenue. The driver was not cited
"
d1cfe6d1fb375613eec81eb4034d4bfb8932f261c890d703f92d24625d28e585e5a66da049c72c0acbe01cd21ddc7da688cf40a48bb89e668c52371439b71169,2026-03-18T01:12:42+00:00,https://chi.streetsblog.org/2026/03/17/tragically-records-show-drivers-have-fatally-struck-three-more-pedestrians-and-a-bike-rider-on-chicago-streets-this-year-this-year,"Tragically, records show drivers have fatally struck three more pedestrians and a bike rider on Chicago streets this year this year",Chicago Streetsblog,"Chicago Streetsblog cites News Affairs' report of a truck driver striking a 63-year-old woman in the crosswalk, who was pronounced dead at the hospital. The driver was cited for failure to yield to a pedestrian in a crosswalk.
"
d304cbf33bd655d78e453feece2895e738d7aeb2e3ffbfa7353b968035c127be19d8672682ce09e7ad45bc6fd9ec4576ad543c3fe6d2b592c4ba9c5a7e8bc55e,2026-03-22T09:19:59-0500,https://www.cbsnews.com/chicago/news/1-driver-killed-1-critically-injured-crash-chicago-grand-crossing/,"1 driver killed, 1 critically injured in crash in Chicago's Grand Crossing neighborhood",CBS News,"A SUV was traveling southeast on South Chicago Avenue when its driver ran a red light and hit a sedan that was headed east on 75th Street, police said. The SUV's driver was taken to U of Chicago Medical Center where he died"
53d7880f7bf3b50216dcacd302fbfb51bda9a69cfc4aebeac25b28c230826830d4f83ae13f125a6d564e2433d27d4e3870234d068fbbf45d3b8f0ce6cd2fe53e,2026-03-30T13:00:00+00:00,https://blockclubchicago.org/2026/03/30/hyde-park-student-was-killed-in-1-of-83-hit-and-runs-on-south-shores-main-roads-this-year/,Teen On Scooter Was Killed In 1 Of 83 Hit-And-Runs On South Shore's Main Roads This Year,Block Club Chicago,"Police have been notified about 248 crashes along the neighborhood's main roads since Jan. 1, according to city data. That means one out of every three drivers who crashed fled the scene."
e7c4eebfc29632ce176917f7dbe59b06483c7f604d014976db358b8ed9d39df2700961d2697d3b03d9dc80a1db3f7668bf525a605df89e85e188ffe8567a3f21,2026-04-06T21:40:19.964Z,https://chicago.suntimes.com/crime/2026/04/06/death-of-very-loved-teen-killed-in-chicago-lawn-hit-and-run-marks-second-bicycle-fatality-of-year,Death of 'very loved' teen in Chicago Lawn hit-and-run marks second bicycle fatality of year,Chicago Sun-Times,His death comes as the city has seen a decline in cyclists killed in crashes. Chicago reported two cyclist deaths in 2025 — a number that has already been matched in 2026 — down on a steady decline from a peak of 11 in 2021.
e7c4eebfc29632ce176917f7dbe59b06483c7f604d014976db358b8ed9d39df2700961d2697d3b03d9dc80a1db3f7668bf525a605df89e85e188ffe8567a3f21,2026-04-08,https://www.fox32chicago.com/news/video-shows-deadly-hit-and-run-killed-chicago-teen,Video shows deadly hit-and-run that killed Chicago teen,FOX 32 Chicago,"Surveillance video shows a speeding SUV running a red light in Chicago Lawn, fatally striking bicyclist Damian Gomez and causing a crash before the driver fled the scene, as police continue to search for the suspect."
e7c4eebfc29632ce176917f7dbe59b06483c7f604d014976db358b8ed9d39df2700961d2697d3b03d9dc80a1db3f7668bf525a605df89e85e188ffe8567a3f21,2026-04-08T04:10:35+00:00,https://chi.streetsblog.org/2026/04/07/a-speeding-hit-and-run-suv-driver-ran-a-red-and-fatally-struck-food-delivery-worker-damian-gomez-18-on-his-bicycle-in-chicago-lawn,"A speeding, hit-and-run SUV driver ran a red and fatally struck food delivery worker Damian Gomez, 18, on his bicycle in Chicago Lawn",Chicago Streetsblog,"Southwest Siders rode bikes to the crash site Monday, and there will be a rally for justice there on Wednesday."
80d27099809ac3ab8883757df86a6bc80323a26e4b69555218895515ff727518f728cfa5b7e48684b9e9f90d16dbf0616c36417a07cac64216533b079ddc84fb,2026-04-10T20:19:00Z,https://abc7chicago.com/post/1k-reward-offered-south-chicago-hit-run-crash-killed-raven-myers-83rd-street-cook-county-crime-stoppers/18867622/,$1K reward offered in South Chicago hit-and-run crash that killed 32-year-old woman,ABC 7 Chicago,A reward is being offered for information in a fatal hit-and-run crash in South Chicago last month.
350cbff9c3d756eca0fa97b756d5fb3613f72deff40c38b8e3ec5ec590fd02f3bb814accdfff4465549804a21f334d16e274e945b2241ffb4e3f6ae580d150c9,2026-04-12,https://www.fox32chicago.com/news/cpd-crash-garfield-park-4-12,"2 Chicago police officers, 3 others hurt in West Side crash, CPD says",FOX 32 Chicago,"Multiple people, including two Chicago police officers, were injured in a crash involving a CPD squad car on the city’s West Side."
4a9adced669243b8b530521e846af4e473780acb06f5f746411e74bbadb71679e594f30f7c3c7acfbe6c50208af6287a7bc5a95c9383a5cbb3073ea59e83d310,2026-04-13T04:03:04.692Z,https://chicago.suntimes.com/news/2026/04/12/woman-fatally-struck-by-vehicle-near-united-center,Woman fatally struck by vehicle near United Center,Chicago Sun-Times,"Police said the woman, 43, sustained head trauma and was pronounced dead at Stroger Hospital."
4a9adced669243b8b530521e846af4e473780acb06f5f746411e74bbadb71679e594f30f7c3c7acfbe6c50208af6287a7bc5a95c9383a5cbb3073ea59e83d310,2026-04-15T21:50:34+00:00,https://chi.streetsblog.org/2026/04/15/girl-17-driving-suv-was-cited-for-failure-to-exercise-due-care-for-a-pedestrian-after-fatally-striking-fentella-wyayy-43-at-ashland-ogden-on-near-west-side,Teenager driving SUV cited for failure to exercise due care for a pedestrian,Chicago Streetsblog,"A 17-year-old girl was cited for failure to exercise due care for a pedestrian after fatally striking Fontella Wyatt, 43, at Ashland/Ogden on Near West Side
"
6b2ae95191562747db01d5106c54928e1be49521f34f1525bc524d8546e1ade059441cedd364477680b2111f9d9191f6951c47b70944fe3dfab309c6fff61820,2026-04-16T12:29:00Z,https://abc7chicago.com/post/chicago-crash-today-car-crashes-city-news-cafe-cicero-avenue-irving-park-road-nw-side-impacting-cta-sb-54/18898010/,"4 arrested after stolen car crashes into cafe amid police chase, CPD says",ABC 7 Chicago,Security video shows the moment a car careened into City News Cafe on Chicago's Northwest Side Thursday morning.
6b2ae95191562747db01d5106c54928e1be49521f34f1525bc524d8546e1ade059441cedd364477680b2111f9d9191f6951c47b70944fe3dfab309c6fff61820,2026-04-16T15:13:47+00:00,https://blockclubchicago.org/2026/04/16/city-news-cafe-closed-after-driver-fleeing-police-crashes-into-building-owner-says/,"City News Cafe Back Open After Driver Fleeing Police Crashes Into Building, Owner Says",Block Club Chicago,Owner Joe Angelastri said the crash took place Thursday morning before the newsstand had opened for the day.
6d136d4c1a55173956e5f688a690f6716de3fe7caab21529a8c895eb37ce2ff15604bef8fa888121237ed468e23f091e211e0be77c3aa4f714a9f1f1c9283018,2026-04-19T11:01:43Z,https://abc7chicago.com/post/chicago-crash-driver-killed-fiery-archer-heights-44th-street-pulaski-road-saturday-police-say/18918811/,"Driver killed in fiery crash in Archer Heights, Chicago police say",ABC 7 Chicago,"A man died in a fiery crash on the city's Southwest Side on Saturday, Chicago police said."
e55032755aa506df7f1eb61bba646b458d1d3c2ee3f728b674d0c0226d5022191816be4775010fa89b657d849ee470c89c50d0f5f8544ad4275be71c160d3fd6,2026-04-20T09:29:00Z,https://abc7chicago.com/post/woman-65-killed-nw-side-hit-run-central-avenue-chicago-police-say/18924900/,65-year-old woman killed in Belmont Cragin hit-and-run crash ID'd: officials,ABC 7 Chicago,"Minerva Martinez, 65, of Chicago, was killed in a hit-and-run crash in the Belmont Cragin neighborhood Sunday night, Chicago police said."
e694d84d7e8c64f77dab3f5672be263c673390cc178d7714d24f8b603f43076849c589afdc8aba25098607876e12e0b91d53e16a32b060275ffebdbb73f4e7d1,2026-04-21T15:28:00Z,https://chicago.suntimes.com/crime/2026/04/20/pedestrian-killed-semi-truck-chicago-lawn,Pedestrian killed by semitruck in Chicago Lawn,Chicago Sun-Times,"Autumn P. Perez, 29, was standing near the street in the 6300 block of South Western Avenue when she was struck Monday night. Perez was pronounced dead at the scene."
53d7880f7bf3b50216dcacd302fbfb51bda9a69cfc4aebeac25b28c230826830d4f83ae13f125a6d564e2433d27d4e3870234d068fbbf45d3b8f0ce6cd2fe53e,2026-04-22T03:31:26Z,https://abc7chicago.com/post/cook-county-crime-stoppers-offers-1k-reward-information-violet-harris-killed-south-shore-chicago-hit-run/18938066/,$1K reward offered for information on South Shore hit-and-run driver who killed teen girl on scooter,ABC 7 Chicago,"Violet Harris, 15, died after being hit by a car near East 77th Street and South Exchange Avenue in the South Shore neighborhood on March 21."
0ecf6cde90f4b077a5893d293c940199b34033555544e998a72e3479cecf923799594a21d0c2b471ecdea2e62ca22ea18967899458b349f5a86c81849a0bfbda,2026-04-28,https://www.zarzyckimanorchapels.com/obituaries/Astrid-Alexandra-Carrillo-Noguera?obId=48243359,Obituary information for Astrid Alexandra Carrillo Noguera,Zarzycki Manor Chapels,"View Astrid Alexandra Carrillo Noguera's obituary, contribute to their memorial, see their funeral service details, and more."
0ecf6cde90f4b077a5893d293c940199b34033555544e998a72e3479cecf923799594a21d0c2b471ecdea2e62ca22ea18967899458b349f5a86c81849a0bfbda,2026-05-01T21:18:27.180Z,https://chicago.suntimes.com/news/2026/05/01/loved-ones-launch-fundraiser-for-venezuelan-teenager-killed-in-south-side-scooter-crash,Fundraiser launched for Venezuelan teenager killed in South Side scooter crash,Chicago Sun-Times,"Astrid Alexandra Carrillo Noguera, 17, was riding a scooter April 24 in the 3300 block of South King Drive when she was struck by a Jeep."
0ecf6cde90f4b077a5893d293c940199b34033555544e998a72e3479cecf923799594a21d0c2b471ecdea2e62ca22ea18967899458b349f5a86c81849a0bfbda,2026-05-03T19:18:10+00:00,https://blockclubchicago.org/2026/05/03/girl-17-fatally-struck-in-douglas-crash-is-3rd-teen-killed-while-riding-bike-or-e-scooter-since-march/,"Girl, 17, Fatally Struck In Douglas Crash Is 3rd Teen Killed While Riding Bike Or E-Scooter Since March",Block Club Chicago,"Astrid Carrillo Noguera, who was set to attend Loyola University, was one of three teens killed in crashes while riding a bike or scooter on the South Side since March 21."
0ecf6cde90f4b077a5893d293c940199b34033555544e998a72e3479cecf923799594a21d0c2b471ecdea2e62ca22ea18967899458b349f5a86c81849a0bfbda,2026-05-05T05:53:15+00:00,https://chi.streetsblog.org/2026/05/05/tragically-there-have-been-at-least-five-more-fatal-crashes-involving-vulnerable-road-users-on-chicago-streets,"Tragically, drivers have struck and killed at least five more vulnerable road users on Chicago streets in recent weeks",Chicago Streetsblog,"The victims included the third teen killed on a bike or scooter this year on the South Side, and a senior who may have been intentionally run over."
e694d84d7e8c64f77dab3f5672be263c673390cc178d7714d24f8b603f43076849c589afdc8aba25098607876e12e0b91d53e16a32b060275ffebdbb73f4e7d1,2026-05-05T05:53:15+00:00,https://chi.streetsblog.org/2026/05/05/tragically-there-have-been-at-least-five-more-fatal-crashes-involving-vulnerable-road-users-on-chicago-streets,"Tragically, drivers have struck and killed at least five more vulnerable road users on Chicago streets in recent weeks",Chicago Streetsblog,"The victims included the third teen killed on a bike or scooter this year on the South Side, and a senior who may have been intentionally run over."
fcac5affb38f8babef19dad24549b87e37a5198fbbaac3882a4316b01fa276c8f346946b2f331d4afa5d48a0b9b6bd88eb09fa9aaf4de8b1754489bff854d4db,2026-05-08,https://www.fox32chicago.com/news/driver-dies-high-speed-crash-chicago-light-pole,Driver dies in high-speed crash into Chicago light pole,FOX 32 Chicago,A man was killed after speeding his car into a light pole Thursday night in the Lawndale neighborhood.
203bf15f36e8ab903a3a0986b6447b659c92495cee4ee0d252da44212f5d360b75e9e457e0e670af23fb8e6e9058ba64615897e055f58b507f0e366d4905a8d7,2026-05-10,https://wgntv.com/news/chicago-news/7-people-suffer-minor-injuries-in-two-car-crash-in-hermosa-late-saturday-night-according-to-chicago-police/,"7 people suffer minor injuries in two-car crash in Hermosa late Saturday night, according to Chicago police",WGN-TV,"Seven people suffered minor injuries in a two-car crash late Saturday night in Hermosa on the city’s Northwest Side, according to police. All were taken to Stroger Hospital and listed in good condition.
"
fa25c83483619a2001bca369d2c0300f41d0c52d3e6f72aaa60e5e2f85e8b7ab733b3b6687fabc23510e8275f0ebdae389c822be6190fc01ef500f7f3fb4e710,2026-05-13T09:42:00Z,https://abc7chicago.com/post/chicago-crime-today-man-killed-hit-run-crash-68th-pulaski-west-lawn-police-searching-orange-honda/19092362/,"Father of 4 killed in hit-and-run while changing tire in West Lawn, family says",ABC 7 Chicago,"Enrique Nieto, a 53-year-old father of four, was changing a flat tire when a northbound orange Honda SUV struck him and fled the scene"
1b3518b4544de6186d6d52f8f2325b51c7656e11049bed795bd9335a9ec948e9a0675332104b9610c032b385c8dd0a257058f1c907c7ecc8c9798985e1877b7b,2026-05-15T15:59:00Z,https://abc7chicago.com/post/bicyclist-critically-injured-marquette-park-hit-run-crash-south-kedzie-avenue-chicago-police/19106519/,Bicyclist critically injured in SW Side hit-and-run crash: CPD,ABC 7 Chicago,"A man riding a bicycle was critically injured in a hit-and-run crash on Chicago's Southwest Side Friday morning, Chicago police said."
1b3518b4544de6186d6d52f8f2325b51c7656e11049bed795bd9335a9ec948e9a0675332104b9610c032b385c8dd0a257058f1c907c7ecc8c9798985e1877b7b,2026-05-19T02:41:02+00:00,https://chi.streetsblog.org/2026/05/18/hit-and-run-drivers-fatally-struck-two-people-and-critically-injured-a-third-on-chicago-streets-last-week,"Hit-and-run drivers fatally struck two people, and critically injured two others, on Chicago streets last week",Chicago Streetsblog,"In one of the cases, a semi driver struck and critically injured a bike rider, 37, and left the scene, only a block away from from where another hit-and-run driver killed delivery cyclist Damian Gomez, 18, on April 5."
6cb21c37655a4626419583522bbf9384af3ab59c45a729bc0ccb76c6a287d3f37dfe0fb3b749dd42f54d9227bb4a3f416135569a99465371300f6ddf98563599,2026-05-24T11:10:00Z,https://abc7chicago.com/post/chicago-crash-64-year-old-woman-killed-hit-run-grand-crossing-cpd-mclaren-car-seen-scene/19161201/,"Woman killed in hit-and-run crash in Grand Crossing, Chicago police say",ABC 7 Chicago,"A woman died in a hit-and-run crash in the Grand Crossing neighborhood on Sunday, Chicago police said."
71ea43187ed3b1874615bee70e49be58799be043dbed15afff77afee5f45358b14e3b04c4ecbae16e30f402e55cecf7fc568aa8908a82d1d09f2eba85dab7cd4,2026-05-25T11:36:17-0500,https://www.cbsnews.com/chicago/news/lisa-barber-dies-humboldt-park-hit-and-run/,Woman dies two weeks after hit-and-run crash in Humboldt Park,CBS News,"Lisa Barber, 45, was critically injured by a hit-and-run driver in the Humboldt Park neighborhood earlier this month has died."
9960ec6815f79327772030df7f06633701153ce854d3afb1cf6bd638639f2e75529e8b5318c572d380a73a943a6ca5557a0e3232342049890993c80f73338bed,2026-05-26T21:34:20+00:00,https://chi.streetsblog.org/2026/05/26/driver-who-fatally-struck-woman-62-near-belmont-kilbourn-cited-for-failure-to-yield,"Driver who fatally struck Illeana Crisanto, 62, near Belmont/Kilbourn, cited for failure to yield",Chicago Streetsblog,"A 35-year-old female Nissan driver struck and killed Illeana Crisanto, 62, on Saturday evening near Belmont and Kilbourn Avenues on the Northwest Side.
"
9960ec6815f79327772030df7f06633701153ce854d3afb1cf6bd638639f2e75529e8b5318c572d380a73a943a6ca5557a0e3232342049890993c80f73338bed,2026-06-03T13:00:00+00:00,https://blockclubchicago.org/2026/06/03/woman-killed-at-busy-nw-side-intersection-where-planned-traffic-light-was-never-installed/,Woman Killed At Busy NW Side Intersection Where Planned Traffic Light Was Never Installed,Block Club Chicago,"A driver struck Illeana Crisanto, a 62-year-old mother of three from Skokie, as she walked near Belmont and Kilbourn avenues, where the city has planned to put in a traffic light for years — but hasn't."
c459324159d4b841d9641517565d2c55f6483ee2c297641f77bd630ab81295eee3da52cbe91558169eac8aa99f662f161aedde63ff7355f1b8a46d2ee817c8bf,2026-06-04,https://www.fox32chicago.com/news/chicago-boy-hospitalized-struck-suv-woodlawn,CPD: 4-year-old boy hospitalized after being struck by SUV in Woodlawn,FOX 32 Chicago,Chicago police say a 4-year-old boy was struck by an SUV Wednesday night on the city's South Side.
71ea43187ed3b1874615bee70e49be58799be043dbed15afff77afee5f45358b14e3b04c4ecbae16e30f402e55cecf7fc568aa8908a82d1d09f2eba85dab7cd4,2026-06-04T16:26:43.985Z,https://chicago.suntimes.com/news/2026/06/04/friends-mourn-hairdresser-killed-humboldt-park-hit-run,Friends mourn loss of beloved hairdresser killed in Humboldt Park hit-and-run,Chicago Sun-Times,"“When you spoke with her, you knew she was listening and knew she cared,” said one of Lisa Barber’s close friends. Barber, 45, died May 24, nearly two weeks after she was hit by a car."
7fd752f6fe521d06d26eb62962aaf8ffe7d6093fd2ad14b068196129fda19d7b10196813d7dab05131f64670e3ce2e55ca2ab32c8fc851ddefbacb63ab8ef025,2026-06-07T19:01:56-0500,https://www.cbsnews.com/chicago/news/woman-dies-motorcycle-crash-near-ohare-airport/,"Woman dies after losing control of motorcycle, crashes into guardrail near O'Hare Airport, CPD says",CBS News,Chicago police said the woman was on a motorcycle and was traveling westbound on Irving Park Road when she lost control and struck a guardrail.
de9b2a79a715688fa212ea74fda5c0c96044924cfc9987adab7c5edddd5df1eba5414796a7e4bdde714c73960284937fa43729c65db1a91c57605f121721dda6,2026-06-09,https://chi.streetsblog.org/2026/06/09/the-bike-ride-and-die-in-in-memory-of-fallen-complete-streets-planner-riley-oneil-was-a-life-affirming-event,The bike ride and “die-in” in memory of fallen Complete Streets Planner Riley O’Neil was a life-affirming event,Chicago Streetsblog,
de9b2a79a715688fa212ea74fda5c0c96044924cfc9987adab7c5edddd5df1eba5414796a7e4bdde714c73960284937fa43729c65db1a91c57605f121721dda6,2026-06-11,https://www.dignitymemorial.com/obituaries/chicago-il/riley-oneil-12919754,"Riley O'Neil Obituary - Chicago, IL",dignitymemorial.com,Riley was proud to be an employee at CDOT and dedicated his career to making streets safer for all who called Chicago home.
de9b2a79a715688fa212ea74fda5c0c96044924cfc9987adab7c5edddd5df1eba5414796a7e4bdde714c73960284937fa43729c65db1a91c57605f121721dda6,2026-06-12,https://nacto.org/latest/honoring-riley-oneil-a-champion-for-chicagos-streets/,Honoring Riley O’Neil: A champion for Chicago’s streets,NACTO,"Riley devoted his career to making bicycling safe and accessible for everyone, most notably by expanding bike parking across Chicago.
"
de9b2a79a715688fa212ea74fda5c0c96044924cfc9987adab7c5edddd5df1eba5414796a7e4bdde714c73960284937fa43729c65db1a91c57605f121721dda6,2026-06-16T04:04:03+00:00,https://chi.streetsblog.org/2026/06/15/riley-oneils-friend-im-grateful-i-knew-him,"Riley O'Neil's friend: ""I'm grateful I knew him""",Chicago Streetsblog,"A personal essay from Brandon Bordenkircher about his friend Riley O'Neil, a CDOT planner who worked on street safety and was killed in a dooring incident.
"
3c82bb6666913da5ca0bc179c6988634309c687ccf8ef7c691007161b9f1dbbf05a862af99fa4993587d116a38a62b6ef034eabe6caba94545acab8dec1e5e8d,2026-06-20T02:11:00Z,https://abc7chicago.com/post/chicago-crash-3-children-among-7-injured-car-south-hamlin-boulevard-west-monroe-street-garfield-park-cfd-says/19335151/,"3 children among 7 injured in car crash in Garfield Park, Chicago fire officials say",ABC 7 Chicago,Three children were among 7 people injured in a car crash Friday evening on the city's West Side. The crash appeared to involve a vehicle crashing into a pole.
95d9aa2939b79800536aa757bc108b2f95b5bad6db4121092de516a69be55b0e51ff6bf2c07bec98cd9a31f5f13bea315a9ed319ae699cb7d5c3237068bbc8bd,2026-06-24T12:58:19.661Z,https://chicago.suntimes.com/crime/2026/06/24/car-slams-into-suv-killing-its-driver-early-tuesday-in-lake-view,52-year-old SUV driver killed in Lake View traffic crash,Chicago Sun-Times,"A 52-year-old driver was killed in a crash early Tuesday in Lake View when he tried to make a left turn from a parking lot, Chicago police said. Police said the lanes of travel were not clear as the driver proceeded to turn, and a black eastbound car hit his SUV."
,2026-06-25T18:40:52+00:00,https://activetransportation.org/blog/the-ward-by-ward-effort-to-reduce-walking-biking-crashes/,The ward-by-ward effort to eliminate crashes,Active Transportation Alliance,"Active Transportation Alliance sent out 50 letters—one to each ward—with up-to-date crash data showing how many people were killed or seriously injured while biking, walking, or traveling by car in that ward."
de9b2a79a715688fa212ea74fda5c0c96044924cfc9987adab7c5edddd5df1eba5414796a7e4bdde714c73960284937fa43729c65db1a91c57605f121721dda6,2026-06-26,https://chicago.suntimes.com/other-views/2026/06/26/chicago-lacks-will-curb-traffic-crashes-kill-cyclists-pedestrians-andrew-mack,"Chicago lacks the will to curb traffic crashes that kill cyclists, pedestrians
",Chicago Sun-Times,"A Chicago Sun-Times op-ed by Andrew Mack in the aftermath of Riley O'Neil's death arguing that ""we don’t need to wait for blood in the streets to act.""
"
e779371d62eb4a97efd48d9b968d4f09e7b248e20fbabd995543b2d586e2d4f0130f58c5b0e1480a203b151b218352d426123b72bc61f7f91bfa3ea514cdb812,2026-06-26,https://chi.streetsblog.org/2026/06/26/a-crash-injured-a-bike-rider-in-north-center-witnesses-including-a-47th-ward-staffer-indicate-suv-driver-should-have-been-cited-for-an-illegal-turn-but-wasnt,"A crash injured a bike rider in North Center. Witnesses – including a 47th Ward staffer – indicate SUV driver should have been cited for an illegal turn, but wasn’t.
",Chicago Streetsblog,"A deep dive by Streetsblog Chicago into the major discrepancies between the official police report and witness statements of a crash that left a cyclist with facial injuries and the driver uncited.
"
2c35543c4e913bf9787ff97bcfa5ae07a77ae508e1b2c0d634056b50fe3989ae0960c1ffc3327bc4cdcdbf748cf82b9f8f4ac9c1bcc3afc6a8e22c8788a1325d,2026-06-29T17:59:00Z,https://chicago.suntimes.com/crime/2026/06/29/2-dead-in-overnight-crash-on-south-side,"2 passengers ejected from car, killed, 4 hurt after driver hits fire hydrant in Bronzeville",Chicago Sun-Times,"The uninjured driver is in custody after the crash late Sunday at 47th and State streets, police said. A 25-year-old man and a 22-year-old woman were killed."
2310ba94a38268a48436e96a3270a7c7452edb4833e268802d313ed302401b81613459ac7ad8667a69c71f4941ec29b6a71b0396ee92f1051f634515876046bf,2026-06-30,https://www.fox32chicago.com/news/chicago-dui-crash-jackson-park,Chicago man charged with DUI in crash that killed 2 in Jackson Park,FOX 32 Chicago,"Lance Cunningham, 24, was charged with 2 counts of reckless homicide, 2 counts of aggravated DUI causing death, 2 counts of aggravated DUI causing bodily harm, and issued 4 citations related to speeding and reckless driving, and driving without insurance"
352c9b1db777aed91e2211bea832491ed114020dc38a28f5c30250fd1e77df7da389c9df4084514088fce9cecaedabde218e7e799e7d8017d55a1ae1cf42ed83,2026-07-08T10:57:35Z,https://abc7chicago.com/post/motorcycle-driver-critically-injured-nw-side-hit-run-pulaski-road-chicago-police-say/19468737/,"Motorcycle driver critically injured in NW Side hit-and-run, Chicago police say",ABC 7 Chicago,"A motorcyclist ran a red-light and struck a black sedan, which fled the scene, police said. The motorcyclist was in critical condition and was issued with 4 citations."
,2026-07-09T00:43:24+00:00,https://chi.streetsblog.org/2026/07/08/this-year-people-for-bikes-city-rating-rated-chicago-as-tied-with-el-paso-as-the-worst-large-us-city-for-biking-heres-cdots-response,This year People for Bikes' City Ratings ranked Chicago as tied with El Paso for the worst large U.S. city for biking. Here's CDOT's response.,Chicago Streetsblog,"People for Bikes ranked Chicago in last place, tied with El Paso, TX, out of 73 American cities with at least 300,000 people.
"
7aca0486ee215a76d88ecb5476d83613dec035137eb214a4bf6057176c561c287ab7735d14940f0692f7245cec62452068f639d06ccc5f97cd7bfb3712c87b9c,2026-07-09T11:11:09Z,https://abc7chicago.com/post/pedestrian-struck-critically-injured-dusable-lake-shore-drive-downtown/19474520/,"Pedestrian struck, critically injured on DuSable Lake Shore Drive downtown",ABC 7 Chicago,"A man was seriously hurt in a hit and run on DuSable Lake Shore Drive Wednesday night, Chicago police said."
7305961b2b09b5761453a9ee5c35f3ba62c2a64f9a5ec4ed44b1835cb8edf400fe4615dd9ed189860b758d286d3360f7f8dfc243d522e3466c5032c072ddb503,2026-07-09T13:00:00+00:00,https://blockclubchicago.org/2026/07/09/logan-square-cyclist-wants-driver-who-hit-him-found-as-he-recovers-from-injuries/,Logan Square Cyclist Wants Driver Who Hit Him Found As He Recovers From Injuries,Block Club Chicago,"Friends are raising money to help Connor Brogan, who was biking eastbound on Armitage last week when he was hit by a green Jeep pickup that fled the scene, police said."
67b8fcd733a0d172190e46e69d0cf71b1a05d2532fdf2cd433ce43a6d7e35e9385ba8df3b7b51615f15609a90315cea34804d51b59d73a87d1f95e4efd3ee685,2026-07-09T13:05:00+00:00,https://blockclubchicago.org/2026/07/09/ashland-avenue-intersection-where-pilsen-bride-to-be-was-killed-to-get-safety-improvements/,Pilsen Intersection Where Bride-To-Be Was Killed To Get Safety Improvements,Block Club Chicago,Plans to install a pedestrian island and other upgrades were announced almost a year after 22-year-old Marcela Herrera was fatally struck in a hit-and-run and a week after her family launched a petition.
2339a875aa845a5b0d007e94c448d87b4b36066dd287fbb5cf0d53bec4c9f445b7cd1ff8afbb82baccf054416484fd9265f0a4c44377f86998d457bd2ab63280,2026-07-11T10:24:00Z,https://abc7chicago.com/post/child-woman-critically-injured-car-motorcycle-crash-6700-block-south-damen-avenue-west-englewood-chicago-police/19485304/,"Motorcycle crash leaves woman dead, 9-year-old girl critically injured in West Englewood: police",ABC 7 Chicago,"Two men were heading southbound on Damen Avenue in a black SUV when they collided with the motorcycle, which was traveling eastbound. The motorcyclist, a 36-year-old woman, and her passenger, a 9-year-old girl, suffered critical injuries. The woman was taken to the University of Chicago Medical Center, where she was later pronounced dead."
2339a875aa845a5b0d007e94c448d87b4b36066dd287fbb5cf0d53bec4c9f445b7cd1ff8afbb82baccf054416484fd9265f0a4c44377f86998d457bd2ab63280,2026-07-17,https://wgntv.com/news/chicagocrime/police-search-for-driver-involved-in-far-south-side-hit-and-run-that-left-2-injured/,Police search for driver involved in Far South Side hit-and-run that left 2 injured,,"On Friday, police shared photos of the Acura sedan, which officers believe may be an ILX model. Police said the vehicle, which has front-end damage and a missing front bumper, has an Illinois license plate with the tag number FM92327.
"
